{
  "feature_names": [
    "Age",
    "BusinessTravel",
    "DailyRate",
    "DistanceFromHome",
    "Education",
    "EnvironmentSatisfaction",
    "Gender",
    "HourlyRate",
    "JobInvolvement",
    "JobLevel",
    "JobSatisfaction",
    "MonthlyRate",
    "NumCompaniesWorked",
    "OverTime",
    "PercentSalaryHike",
    "PerformanceRating",
    "RelationshipSatisfaction",
    "StockOptionLevel",
    "TotalWorkingYears",
    "TrainingTimesLastYear",
    "WorkLifeBalance",
    "YearsAtCompany",
    "YearsInCurrentRole",
    "YearsSinceLastPromotion",
    "YearsWithCurrManager",
    "Department_Human Resources",
    "Department_Research & Development",
    "Department_Sales",
    "EducationField_Human Resources",
    "EducationField_Life Sciences",
    "EducationField_Marketing",
    "EducationField_Medical",
    "EducationField_Other",
    "EducationField_Technical Degree",
    "JobRole_Healthcare Representative",
    "JobRole_Human Resources",
    "JobRole_Laboratory Technician",
    "JobRole_Manager",
    "JobRole_Manufacturing Director",
    "JobRole_Research Director",
    "JobRole_Research Scientist",
    "JobRole_Sales Executive",
    "JobRole_Sales Representative",
    "MaritalStatus_Divorced",
    "MaritalStatus_Married",
    "MaritalStatus_Single"
  ],
  "mean_": [
    36.923809523809524,
    1.0863945578231293,
    802.4857142857143,
    9.19251700680272,
    2.912925170068027,
    2.721768707482993,
    0.6,
    65.89115646258503,
    2.7299319727891156,
    2.0639455782312925,
    2.7285714285714286,
    14313.103401360544,
    2.6931972789115646,
    0.2829931972789116,
    15.209523809523809,
    3.1537414965986397,
    2.7122448979591836,
    0.7938775510204081,
    11.279591836734694,
    2.7993197278911564,
    2.7612244897959184,
    7.0081632653061225,
    4.229251700680272,
    2.1877551020408164,
    4.12312925170068,
    0.04285714285714286,
    0.6537414965986394,
    0.3034013605442177,
    0.018367346938775512,
    0.4122448979591837,
    0.10816326530612246,
    0.31564625850340133,
    0.055782312925170066,
    0.08979591836734693,
    0.0891156462585034,
    0.03537414965986395,
    0.1761904761904762,
    0.06938775510204082,
    0.09863945578231292,
    0.05442176870748299,
    0.19863945578231293,
    0.2217687074829932,
    0.05646258503401361,
    0.22244897959183674,
    0.45782312925170066,
    0.3197278911564626
  ],
  "scale_": [
    9.132265690615387,
    0.5319888822661019,
    403.371828600912,
    8.104106529671768,
    1.0238165299102608,
    1.0927103547111134,
    0.48989794855663565,
    20.322511646324017,
    0.7113190741884202,
    1.1065633247112856,
    1.1024709415085499,
    7115.364616521268,
    2.497159198593844,
    0.4504531580228632,
    3.658692627979528,
    0.3607007746349458,
    1.0808410657505316,
    0.8517867966287158,
    7.778134700893234,
    1.2888320187689346,
    0.7062354909319911,
    6.124440945793706,
    3.621904465478753,
    3.2213340279481772,
    3.5669222623251646,
    0.20253495541082608,
    0.47577678823541875,
    0.4597270657293687,
    0.13427578897629375,
    0.49223880593245173,
    0.31058649897321655,
    0.4647727380088093,
    0.2295008638107675,
    0.285889159311632,
    0.28491059624105364,
    0.18472362922946675,
    0.38098214169465927,
    0.25411236597997355,
    0.29817731896521243,
    0.2268480544290213,
    0.39897596718200895,
    0.41543633430926064,
    0.2308128279045391,
    0.41589112886714397,
    0.4982179358211437,
    0.46637106125177175
  ]
}