alpha,Ridge_R2,Lasso_R2
0.001,0.937450437524372,0.9374503762023884
0.01,0.937450968210091,0.9374507494726779
0.1,0.9374562564861924,0.9374588664742877
1.0,0.9375073055327053,0.9375276268710021
10.0,0.937856147141895,0.9373377271350234
100.0,0.9346447691387327,0.9344559531713406
